Manufacturer,Model,Year,Registration Status,Price,Mileage,Keys,Damage description,Transmission,Seats,Fuel Type,Link
Subaru,Forester,2008,No,$700,"256,123",," Has Key, Rear Damage, Structural Damage, Selling De-Registered","Automatic,",5,Petrol,https://manheim.co.nz/damaged-vehicles/000000000007390040/2008-subaru-forester-station-wagon?referringPage=SearchResults
Holden,Trax,2019,No,"$1,300",N/A,," Front Damage, Rear Damage, Structural Damage, Selling De-Registered","Automatic,",5,Petrol,https://manheim.co.nz/damaged-vehicles/000000000007420182/2019-holden-trax-ltz-1-4p-6at-station-wagon?referringPage=SearchResults
Nissan,Leaf,2012,No,$600,N/A,," Front Damage, Airbags Deployed, Structural Damage, Selling De-Registered",N/A,5,Electric,https://manheim.co.nz/damaged-vehicles/000000000007420233/2012-nissan-leaf-hatch?referringPage=SearchResults
Toyota,Prius,2016,No,"$1,200","122,260",," Front Damage, Left Front Damage, Right Front Damage, Structural Damage, Selling De-Registered","Automatic,",5,Hybrid,https://manheim.co.nz/damaged-vehicles/000000000007420275/2016-toyota-prius-hatch?referringPage=SearchResults
Skoda,Scala,2019,No,"$1,300","220,163",," Water Damage, Selling De-Registered","Automatic,",5,Petrol,https://manheim.co.nz/damaged-vehicles/000000000007410467/2019-skoda-scala-sport-tsi-110kw-1-5-hatch?referringPage=SearchResults
Hyundai,IX35,2013,No,"$1,200","164,478",," Front Damage, Left Side Damage, Right Side Damage, Structural Damage, Selling De-Registered","Automatic,",5,Diesel,https://manheim.co.nz/damaged-vehicles/000000000007420474/2013-hyundai-ix35-2-0r-crdi-elite-a6-station-wagon?referringPage=SearchResults
HOMEMADE,N/A,2000,No,"$3,400",N/A,0," Chassis Damage, Frame Damaged, Structural Damage, Selling De-Registered",N/A,N/A,N/A,https://manheim.co.nz/damaged-vehicles/000000000007410481/2000-homemade-transporter-trailer?referringPage=SearchResults
Holden,Captiva,2014,No,$800,"190,454",," Right Rear Damage, Right Side Damage, Selling De-Registered","Automatic,",5,Diesel,https://manheim.co.nz/damaged-vehicles/000000000007390491/2014-holden-captiva-ltz-2-2d-4wd-6at-sw-station-wagon?referringPage=SearchResults
Holden,Captiva,2008,No,$700,N/A,," Left Rear Damage, Dismantled - Engine, Selling De-Registered","Automatic,",7,Petrol,https://manheim.co.nz/damaged-vehicles/000000000007390495/2008-holden-captiva-lx-3-2l-v6-auto-station-wagon?referringPage=SearchResults
Dodge.,Journey,2016,No,"$1,300","188,715",," Right Rear Damage, Structural Damage, Selling De-Registered","Automatic,",7,Petrol,https://manheim.co.nz/damaged-vehicles/000000000007420497/2016-dodge-journey-sxt-3-6p-6at-sw-5dr-station-wagon?referringPage=SearchResults
Ssangyong,Korando,2014,No,"$1,000",N/A,," Interior Damage, Right Side Damage, Structural Damage, Selling De-Registered","Automatic,",5,Petrol,https://manheim.co.nz/damaged-vehicles/000000000007420524/2014-ssangyong-korando-petrol-auto-limited-station-wagon?referringPage=SearchResults
Ford,Territory,2009,No,$0,N/A,," Left Front Damage, Left Rear Damage, Left Side Damage, Right Rear Damage, Airbags Deployed, Selling De-Registered","Tiptronic,",7,Petrol,https://manheim.co.nz/damaged-vehicles/000000000007390530/2009-ford-territory-territory-ghia-awd-station-wagon?referringPage=SearchResults
Holden,Trax,2014,No,$0,"72,150",," Left Front Damage, Right Front Damage, Selling De-Registered","Automatic,",5,Petrol,https://manheim.co.nz/damaged-vehicles/000000000007390544/2014-holden-trax-ltz-1-8p-6at-sw-4dr-station-wagon?referringPage=SearchResults
Toyota,Vitz,2012,No,$900,N/A,," Left Rear Damage, Right Front Damage, Right Rear Damage, Vandalised - Interior, Structural Damage, Selling De-Registered","Automatic,",5,Petrol,https://manheim.co.nz/damaged-vehicles/000000000007420543/2012-toyota-vitz-hatch?referringPage=SearchResults
Ford,Kuga,2014,Yes,$0,N/A,," Left Front Damage, Dismantled - Engine, Selling Registered","Automatic,",5,Diesel,https://manheim.co.nz/damaged-vehicles/000000000007410589/2014-ford-kuga-awd-2-0-diesel-auto-station-wagon?referringPage=SearchResults
Suzuki,SX4,2009,Yes,$500,"265,005",," Left Side Damage, Rear Damage, Selling Registered","Automatic,",5,Petrol,https://manheim.co.nz/damaged-vehicles/000000000007420595/2009-suzuki-sx4-hatch?referringPage=SearchResults
Holden,Trax,2014,No,$900,N/A,," Left Front Damage, Right Front Damage, Dismantled - Entire Vehicle, Selling De-Registered","6spd Automatic,",5,Petrol,https://manheim.co.nz/damaged-vehicles/000000000007400698/2014-holden-trax-ltz-1-8p-6at-sw-4dr-station-wagon?referringPage=SearchResults
Mazda,Axela,2005,Yes,$600,N/A,," Left Front Damage, Left Side Damage, Right Rear Damage, Right Side Damage, Selling Registered","4spd Automatic,",5,Petrol,https://manheim.co.nz/damaged-vehicles/000000000007420712/2005-mazda-axela-hatch?referringPage=SearchResults
Honda,CBR,2021,No,$0,1,," Front Fork Damaged, Structural Damage, Selling De-Registered","Automatic,",N/A,Petrol,https://manheim.co.nz/damaged-vehicles/000000000007390754/2021-honda-cbr-650-p-motorcycle?referringPage=SearchResults
Nissan,Murano,2009,Yes,$500,"246,115",, Selling Registered,"Automatic,",5,Petrol,https://manheim.co.nz/damaged-vehicles/000000000007380793/2009-nissan-murano-3-5-4wd-ti-station-wagon?referringPage=SearchResults
Ford,Kuga,2014,No,"$1,200","87,000",," Right Side Damage, Selling De-Registered","Automatic,",5,Petrol,https://manheim.co.nz/damaged-vehicles/000000000007390806/2014-ford-kuga-awd-1-6p-ecoboost-a-station-wagon?referringPage=SearchResults
Holden,Commodore,2004,No,$700,"220,786",," Left Rear Damage, Right Rear Damage, Dismantled - Entire Vehicle, Selling De-Registered","Automatic,",5,Petrol,https://manheim.co.nz/damaged-vehicles/000000000007400803/2004-holden-commodore-acclaim-sedan-auto-sedan?referringPage=SearchResults
Mitsubishi,Eclipse Cross,2018,Yes,N/A,"150,920",," Left Rear Damage, Left Side Damage, Stolen & Recovered, Selling Registered","CVT,",5,Petrol,https://manheim.co.nz/damaged-vehicles/000000000007400853/2018-mitsubishi-eclipse-cross-xls-1-5p-8cvt-station-wagon?referringPage=SearchResults
Fiat,Abarth 595,2022,No,"$1,300",N/A,," Front Damage, Airbags Deployed, Structural Damage, Selling De-Registered",N/A,4,Petrol,https://manheim.co.nz/damaged-vehicles/000000000007420879/2022-fiat-abarth-595-1-4pt-5at-hatch?referringPage=SearchResults
Mazda,Familia,2000,No,$400,"258,576",," Front Damage, Rear Damage, Structural Damage, Selling De-Registered","Automatic,",5,Petrol,https://manheim.co.nz/damaged-vehicles/000000000007420938/2000-mazda-familia-sp20-station-wagon?referringPage=SearchResults
Ford,Escape,2008,No,$600,"188,958",," Left Front Damage, Roof Damage, Right Front Damage, Vandalised - Interior, Selling De-Registered","Automatic,",5,Petrol,https://manheim.co.nz/damaged-vehicles/000000000007400969/2008-ford-escape-xlt-v6-sport-station-wagon?referringPage=SearchResults
Ford,Fiesta,2012,No,$0,"17,000",," Left Front Damage, Left Side Damage, Right Front Damage, Right Side Damage, Airbags Deployed, Selling De-Registered","5spd Manual,",5,Petrol,https://manheim.co.nz/damaged-vehicles/000000000007401004/2012-ford-fiesta-5dr-1-6-m-zetec-hatch?referringPage=SearchResults
Holden,Captiva,2015,No,"$1,100","120,087",," Dismantled - Engine, Selling De-Registered","Automatic,",7,Diesel,https://manheim.co.nz/damaged-vehicles/000000000007391005/2015-holden-captiva-7-ltz-2-2d-4wd-6at--station-wagon?referringPage=SearchResults
Toyota,SAI,2015,No,"$1,300",N/A,," Front Damage, Left Front Damage, Left Side Damage, Right Front Damage, Structural Damage, Selling De-Registered","Automatic,",5,Hybrid,https://manheim.co.nz/damaged-vehicles/000000000007401020/2015-toyota-sai-sedan?referringPage=SearchResults
Ford,Falcon,2003,No,$700,N/A,," Roof Damage, Right Side Damage, Dismantled - Interior, Selling De-Registered","Automatic,",5,Petrol,https://manheim.co.nz/damaged-vehicles/000000000007401022/2003-ford-falcon-ba-falcon-xt-w-fa-station-wagon?referringPage=SearchResults
Ford,Focus,2010,No,$700,"178,829",," Left Front Damage, Left Side Damage, Right Front Damage, Selling De-Registered","5spd Manual,",5,Diesel,https://manheim.co.nz/damaged-vehicles/000000000007401030/2010-ford-focus-1-8td-wagon-station-wagon?referringPage=SearchResults
Honda,Jazz,2016,No,"$1,500","77,297",," Left Side Damage, Airbags Deployed, Structural Damage, Selling De-Registered","CVT,",5,Petrol,https://manheim.co.nz/damaged-vehicles/000000000007421040/2016-honda-jazz-rs-1-5p-cvt-ha-5dr--hatch?referringPage=SearchResults
Nissan,Note,2019,No,"$1,000",N/A,," Airbags Deployed, Structural Damage, Selling De-Registered","Automatic,",5,Petrol,https://manheim.co.nz/damaged-vehicles/000000000007391162/2019-nissan-note-hatch?referringPage=SearchResults
Honda,CRZ,2012,No,"$1,300",N/A,," Left Side Damage, Structural Damage, Selling De-Registered","Automatic,",4,Hybrid,https://manheim.co.nz/damaged-vehicles/000000000007421208/2012-honda-crz-sr-1-5ph-cvt-coup%C3%A9?referringPage=SearchResults
Peugeot,308,2008,No,$400,"201,992",," Left Side Damage, Structural Damage, Selling De-Registered","Automatic,",5,Diesel,https://manheim.co.nz/damaged-vehicles/000000000007421227/2008-peugeot-308-hdi-auto-hatch?referringPage=SearchResults
Ford,Mondeo,2014,Yes,$600,"131,322",, Selling Registered,"6spd Automatic,",5,Diesel,https://manheim.co.nz/damaged-vehicles/000000000007381222/2014-ford-mondeo-zetec-2-0td-a-hatch?referringPage=SearchResults
Mazda,MAZDA3,2008,No,$600,N/A,," Front Damage, Left Side Damage, Rear Damage, Roof Damage, Right Front Damage, Right Side Damage, Airbags Deployed, Structural Damage, Selling De-Registered","Automatic,",5,Petrol,https://manheim.co.nz/damaged-vehicles/000000000007421254/2008-mazda-mazda3-sporthatch-mps-2-3-hatch?referringPage=SearchResults
Toyota,Aqua,2017,No,"$1,200","193,869",," Front Damage, Structural Damage, Selling De-Registered",N/A,5,Hybrid,https://manheim.co.nz/damaged-vehicles/000000000007411255/2017-toyota-aqua-hatch?referringPage=SearchResults
Suzuki,GSX250FRLL9,2021,No,$0,N/A,, Selling De-Registered,"Automatic,",N/A,Petrol,https://manheim.co.nz/damaged-vehicles/000000000007411314/2021-suzuki-gsx250frll9-motorcycle?referringPage=SearchResults
Yamaha,MT03LA,2019,No,$0,1,," Structural Damage, Selling De-Registered",N/A,N/A,Petrol,https://manheim.co.nz/damaged-vehicles/000000000007401316/2019-yamaha-mt03la-k-motorcycle?referringPage=SearchResults
Daihatsu,Sirion,2008,No,$300,"128,915",," Interior Damage, Water Damage, Selling De-Registered",N/A,5,Petrol,https://manheim.co.nz/damaged-vehicles/000000000007421330/2008-daihatsu-sirion-1-3p-hatch-4a-hatch?referringPage=SearchResults
Toyota,SAI,2012,No,"$1,200","193,950",," Front Damage, Structural Damage, Selling De-Registered","Automatic,",5,Hybrid,https://manheim.co.nz/damaged-vehicles/000000000007421385/2012-toyota-sai-hatch?referringPage=SearchResults
Mazda,Demio,2003,Yes,$600,"1,844,225",," Left Front Damage, Stolen & Recovered, Selling Registered","Automatic,",5,Petrol,https://manheim.co.nz/damaged-vehicles/000000000007411427/2003-mazda-demio-hatch?referringPage=SearchResults
Toyota,Corolla,2006,Yes,"$2,250",N/A,," Stolen & Recovered, Selling Registered","Automatic,",5,Petrol,https://manheim.co.nz/damaged-vehicles/000000000007411437/2006-toyota-corolla-1-8p-gl-hatch5-4a-hatch?referringPage=SearchResults
Ford,Ranger,2019,No,$400,N/A,," Front Damage, Fire Damage, Interior Damage, Selling De-Registered","Automatic,",5,Diesel,https://manheim.co.nz/damaged-vehicles/000000000007411473/2019-ford-ranger-xl-double-cab-w-s-2-dual-cab-utility?referringPage=SearchResults
Holden,Barina,2015,No,$600,N/A,," Stolen & Recovered, Water Damage, Selling De-Registered","Automatic,",5,Petrol,https://manheim.co.nz/damaged-vehicles/000000000007421490/2015-holden-barina-cd-1-6p-6at-sl-4dr--sedan?referringPage=SearchResults
Toyota,Yaris,2014,No,"$1,200","160,400",," Front Damage, Right Front Damage, Structural Damage, Selling De-Registered","5spd Manual,",5,Petrol,https://manheim.co.nz/damaged-vehicles/000000000007421516/2014-toyota-yaris-yr-1-3p-hatch5-5m-hatch?referringPage=SearchResults
Mazda,Demio,2008,No,$400,"168,676",," Right Side Damage, Structural Damage, Selling De-Registered","Automatic,",5,Petrol,https://manheim.co.nz/damaged-vehicles/000000000007421529/2008-mazda-demio-hatch?referringPage=SearchResults
Toyota,Aqua,2016,No,$900,"60,765",," Glass Broken, Left Rear Damage, Rear Damage, Right Front Damage, Right Rear Damage, Vandalised - Interior, Structural Damage, Stolen & Recovered, Selling De-Registered","4spd Automatic,",5,Hybrid,https://manheim.co.nz/damaged-vehicles/000000000007421585/2016-toyota-aqua-hatch?referringPage=SearchResults
Mazda,CX-5,2015,No,"$1,300",N/A,," Vandalised - Entire Vehicle, Selling De-Registered",N/A,5,Diesel,https://manheim.co.nz/damaged-vehicles/000000000007421599/2015-mazda-cx-5-station-wagon?referringPage=SearchResults
Mercedes-Benz,ML,2007,No,"$1,200",N/A,," Left Side Damage, Structural Damage, Selling De-Registered","Automatic,",5,Diesel,https://manheim.co.nz/damaged-vehicles/000000000007411635/2007-mercedes-benz-ml-320-cdi-station-wagon?referringPage=SearchResults
FORM IT,Ultra,2015,No,$50,N/A,N/A, Selling De-Registered,N/A,N/A,N/A,https://manheim.co.nz/damaged-vehicles/000000000007421901/2015-form-it-ultra-porta-loo-toilet?referringPage=SearchResults
Mitsubishi,Eclipse Cross,2022,No,"$1,400",N/A,," Airbags Deployed, Front Damage, Left Front Damage, Left Side Damage, Structural Damage, Selling De-Registered","Automatic,",5,Hybrid,https://manheim.co.nz/damaged-vehicles/000000000007421929/2022-mitsubishi-eclipse-cross-xls-phev-4wd-at-station-wagon?referringPage=SearchResults
Volkswagen,Passat,2012,No,$700,N/A,," Front Damage, Structural Damage, Selling De-Registered","Automatic,",5,Petrol,https://manheim.co.nz/damaged-vehicles/000000000007421930/2012-volkswagen-passat-sedan?referringPage=SearchResults
Nissan,NV200,2020,No,"$1,300","133,983",," Right Front Damage, Rolled, Structural Damage, Selling De-Registered","Automatic,",2,Petrol,https://manheim.co.nz/damaged-vehicles/000000000007361936/2020-nissan-nv200-van?referringPage=SearchResults
Ford,Falcon,2004,No,$400,"262,337",," Right Side Damage, Structural Damage, Selling De-Registered","Automatic,",5,Petrol,https://manheim.co.nz/damaged-vehicles/000000000007421941/2004-ford-falcon-ba-fairmont-100-sedan?referringPage=SearchResults
Audi,A6,2008,No,$900,N/A,," Right Rear Damage, Structural Damage, Selling De-Registered","Manual,",5,Diesel,https://manheim.co.nz/damaged-vehicles/000000000007421975/2008-audi-a6-station-wagon?referringPage=SearchResults
Ford,Falcon,2016,No,$0,N/A,," Left Front Damage, Left Rear Damage, Left Side Damage, Selling De-Registered","Automatic,",5,Petrol,https://manheim.co.nz/damaged-vehicles/000000000007392021/2016-ford-falcon-xr6-sedan-auto-4-0p-sedan?referringPage=SearchResults
BMW,M3,2002,No,N/A,N/A,," Left Front Damage, Right Side Damage, Structural Damage, Selling De-Registered","Manual,",5,Petrol,https://manheim.co.nz/damaged-vehicles/000000000007422070/2002-bmw-m3-sedan?referringPage=SearchResults
BMW,123d,2008,No,"$1,200","244,388",, Selling De-Registered,"6spd Automatic,",4,Diesel,https://manheim.co.nz/damaged-vehicles/000000000007422118/2008-bmw-123d-sedan?referringPage=SearchResults
Nissan,Fuga,2006,No,$600,"168,258",, Selling De-Registered,"5spd Automatic,",5,Petrol,https://manheim.co.nz/damaged-vehicles/000000000007422134/2006-nissan-fuga-sedan?referringPage=SearchResults
Toyota,Markx,2010,No,"$1,000",N/A,, Selling De-Registered,"6spd Automatic,",5,Petrol,https://manheim.co.nz/damaged-vehicles/000000000007422139/2010-toyota-markx-sedan?referringPage=SearchResults
Hyundai,Santa FE,2009,No,$900,N/A,, Selling De-Registered,"5spd Automatic,",5,Diesel,https://manheim.co.nz/damaged-vehicles/000000000007422140/2009-hyundai-santa-fe-2-2d-crdi-a5-5s-suv-station-wagon?referringPage=SearchResults
Suzuki,Swift,2010,Yes,"$2,500","120,098",, Selling Registered,"CVT,",5,Petrol,https://manheim.co.nz/damaged-vehicles/000000000007422188/2010-suzuki-swift-hatch?referringPage=SearchResults
Mercedes-Benz,A180,2014,No,"$1,300","78,673",," Front Damage, Left Front Damage, Right Front Damage, Structural Damage, Selling De-Registered","Automatic,",5,Petrol,https://manheim.co.nz/damaged-vehicles/000000000007392197/2014-mercedes-benz-a180-hatch?referringPage=SearchResults
Subaru,Legacy,2010,Yes,$500,N/A,, Selling Registered,"5spd Automatic,",5,Petrol,https://manheim.co.nz/damaged-vehicles/000000000007422265/2010-subaru-legacy-station-wagon?referringPage=SearchResults
Mazda,Axela,2006,No,$600,"254,537",," Front Damage, Rear Damage, Structural Damage, Selling De-Registered","5spd Automatic,",5,Petrol,https://manheim.co.nz/damaged-vehicles/000000000007422284/2006-mazda-axela-hatch?referringPage=SearchResults
Ford,Falcon,2008,Yes,"$1,000",N/A,," Stolen & Recovered, Selling Registered","Automatic,",5,Petrol,https://manheim.co.nz/damaged-vehicles/000000000007422293/2008-ford-falcon-fg-xr6-sedan-a-sedan?referringPage=SearchResults
Toyota,Aqua,2015,No,"$1,000",N/A,," Left Front Damage, Left Rear Damage, Left Side Damage, Right Rear Damage, Structural Damage, Selling De-Registered","Automatic,",5,Hybrid,https://manheim.co.nz/damaged-vehicles/000000000007422358/2015-toyota-aqua-hatch?referringPage=SearchResults
Holden,Commodore,2008,No,$900,N/A,," Left Side Damage, Right Side Damage, Selling De-Registered","Automatic,",5,Petrol,https://manheim.co.nz/damaged-vehicles/000000000007392351/2008-holden-commodore-omega-sedan-auto-sedan?referringPage=SearchResults
Holden,Astra,2007,No,$700,N/A,," Left Rear Damage, Right Rear Damage, Selling De-Registered","Automatic,",4,Petrol,https://manheim.co.nz/damaged-vehicles/000000000007392360/2007-holden-astra-twintop-2-2l-auto-coup%C3%A9?referringPage=SearchResults
Mazda,MAZDA6,2012,Yes,$600,"340,025",," Front Damage, Left Front Damage, Left Side Damage, Suspension Damage, Selling Registered",N/A,5,Petrol,https://manheim.co.nz/damaged-vehicles/000000000007412527/2012-mazda-mazda6-wagon-gsx-2-5-5at-station-wagon?referringPage=SearchResults
Toyota,Corolla,2020,No,"$1,800",N/A,," Right Front Damage, Right Rear Damage, Dismantled - Interior, Selling De-Registered","CVT,",5,Petrol,https://manheim.co.nz/damaged-vehicles/000000000007412553/2020-toyota-corolla-touring-station-wagon?referringPage=SearchResults
Mazda,CX-7,2007,No,$600,"224,416",," Front Damage, Structural Damage, Selling De-Registered","Automatic,",5,Petrol,https://manheim.co.nz/damaged-vehicles/000000000007422560/2007-mazda-cx-7-station-wagon?referringPage=SearchResults
BMW,3 Series,2025,No,N/A,"4,185",," Left Front Damage, Left Side Damage, Structural Damage, Selling De-Registered","Automatic,",5,Petrol,https://manheim.co.nz/damaged-vehicles/000000000007422574/2025-bmw-3-series-m3-comp-3-0pt-4wd-sedan?referringPage=SearchResults
MG,ZS,2025,No,"$1,500",N/A,," Structural Damage, Selling De-Registered",N/A,5,Hybrid,https://manheim.co.nz/damaged-vehicles/000000000007422595/2025-mg-zs-essence-1-5pht-3hd-station-wagon?referringPage=SearchResults
Honda,Accord,2010,No,$0,"226,528",,N/A,N/A,5,Petrol,https://manheim.co.nz/damaged-vehicles/000000000007422596/2010-honda-accord-station-wagon?referringPage=SearchResults
Toyota,Vellfire,2017,No,N/A,"149,726",," Right Front Damage, Rolled, Right Side Damage, Structural Damage, Selling De-Registered",N/A,7,Hybrid,https://manheim.co.nz/damaged-vehicles/000000000007422599/2017-toyota-vellfire-station-wagon?referringPage=SearchResults
Ford,Ranger,2020,No,$1,N/A,," Fire Damage, Fire - Entire Vehicle, Structural Damage, Selling De-Registered","Automatic,",5,Diesel,https://manheim.co.nz/damaged-vehicles/000000000007422605/2020-ford-ranger-xlt-double-cab-w-sa-dual-cab-utility?referringPage=SearchResults
RED ROO,SG350,N/A,No,$0,N/A,N/A, Dismantled - Engine,N/A,N/A,Petrol,https://manheim.co.nz/damaged-vehicles/000000000007432606/red-roo-sg350-stump-grinder--manual-?referringPage=SearchResults
Subaru,Impreza,2010,No,"$1,300",N/A,," Front Damage, Rear Damage, Structural Damage, Selling De-Registered",N/A,5,Petrol,https://manheim.co.nz/damaged-vehicles/000000000007392683/2010-subaru-impreza-gt-hatch?referringPage=SearchResults
Ford,Mondeo,2015,No,$900,N/A,," Right Front Damage, Airbags Deployed, Selling De-Registered","Automatic,",5,Petrol,https://manheim.co.nz/damaged-vehicles/000000000007392697/2015-ford-mondeo-ambiente-5dr-petrol-hatch?referringPage=SearchResults
Toyota,Aqua,2014,Yes,N/A,N/A,," Ignition Damage, Right Front Damage, Vandalised - Interior, Stolen & Recovered, Selling Registered","Automatic,",5,Hybrid,https://manheim.co.nz/damaged-vehicles/000000000007422775/2014-toyota-aqua-hatch?referringPage=SearchResults
Nissan,Juke,2010,Yes,$600,"123,009",," Left Side Damage, Selling Registered","CVT,",5,Petrol,https://manheim.co.nz/damaged-vehicles/000000000007422977/2010-nissan-juke-hatch?referringPage=SearchResults
Dodge.,Journey,2013,No,"$1,200",N/A,," Front Damage, Structural Damage, Selling De-Registered",N/A,5,Petrol,https://manheim.co.nz/damaged-vehicles/000000000007423125/2013-dodge-journey-sxt-station-wagon?referringPage=SearchResults
Mazda,Axela,2006,No,$0,"234,828",," Front Damage, Structural Damage, Selling De-Registered",N/A,5,Petrol,https://manheim.co.nz/damaged-vehicles/000000000007413162/2006-mazda-axela-hatch?referringPage=SearchResults
Suzuki,Swift,2017,No,"$1,300","76,087",," Rear Damage, Structural Damage, Selling De-Registered","Automatic,",5,Petrol,https://manheim.co.nz/damaged-vehicles/000000000007413180/2017-suzuki-swift-hatch?referringPage=SearchResults
Honda,fit,2016,No,"$1,300","165,850",," Front Damage, Structural Damage, Selling De-Registered","Automatic,",5,Hybrid,https://manheim.co.nz/damaged-vehicles/000000000007423259/2016-honda-fit-hybrid-hatch?referringPage=SearchResults
Toyota,Prius,2014,Yes,$600,"390,343",," Rear Damage, Selling Registered","4spd Automatic,",5,Hybrid,https://manheim.co.nz/damaged-vehicles/000000000007413284/2014-toyota-prius-alpha-station-wagon?referringPage=SearchResults
Volkswagen,Passat,2010,Yes,$500,"164,873",," Left Front Damage, Selling Registered","Automatic,",5,Petrol,https://manheim.co.nz/damaged-vehicles/000000000007413289/2010-volkswagen-passat-tsi-station-wagon?referringPage=SearchResults
Mitsubishi,ASX,2025,No,"$1,300",N/A,," Airbags Deployed, Front Damage, Left Front Damage, Right Front Damage, Airbags Deployed, Underbody Damage, Structural Damage, Selling De-Registered","CVT,",5,Petrol,https://manheim.co.nz/damaged-vehicles/000000000007413295/2025-mitsubishi-asx-ls-2-0p-cvt-station-wagon?referringPage=SearchResults
Honda,Runabout,2018,No,"$5,100",N/A,0," Front Damage, Structural Damage, Selling De-Registered",N/A,N/A,N/A,https://manheim.co.nz/damaged-vehicles/000000000007403377/2018-honda-runabout-boat--runabout-?referringPage=SearchResults
Toyota,Aqua,2013,Yes,"$1,350",N/A,," Glass Broken, Ignition Damage, Left Side Damage, Stolen & Recovered, Selling Registered","Automatic,",5,Hybrid,https://manheim.co.nz/damaged-vehicles/000000000007423373/2013-toyota-aqua-hatch?referringPage=SearchResults
Toyota,Camry,2014,No,"$1,400","174,921",," Rear Damage, Structural Damage, Selling De-Registered","Automatic,",5,Hybrid,https://manheim.co.nz/damaged-vehicles/000000000007423417/2014-toyota-camry-sedan?referringPage=SearchResults
Audi,A4,2015,No,"$1,300","56,982",," Right Front Damage, Structural Damage, Selling De-Registered","Automatic,",5,Petrol,https://manheim.co.nz/damaged-vehicles/000000000007423433/2015-audi-a4-station-wagon?referringPage=SearchResults
Toyota,Wish,2005,No,$200,"281,181",," Left Front Damage, Left Side Damage, Dismantled - Interior, Underbody Damage, Selling De-Registered","Automatic,",7,Petrol,https://manheim.co.nz/damaged-vehicles/000000000007353433/2005-toyota-wish-station-wagon?referringPage=SearchResults
Mazda,NAZDA3,2004,No,$300,"288,451",," Front Damage, Glass Broken, Has Key, Structural Damage, Selling De-Registered","Automatic,",5,Petrol,https://manheim.co.nz/damaged-vehicles/000000000007403434/2004-mazda-nazda3-hatch?referringPage=SearchResults
Mazda,Demio,2011,No,"$1,000","103,528",," Left Front Damage, Underbody Damage, Selling De-Registered","4spd Automatic,",5,Petrol,https://manheim.co.nz/damaged-vehicles/000000000007423455/2011-mazda-demio-sky-active-hatch?referringPage=SearchResults
Mitsubishi,ASX,2025,No,N/A,"5,559",," Airbags Deployed, Front Damage, Left Front Damage, Right Front Damage, Airbags Deployed, Structural Damage, Selling De-Registered","CVT,",5,Petrol,https://manheim.co.nz/damaged-vehicles/000000000007413475/2025-mitsubishi-asx-ls-2-0p-cvt-station-wagon?referringPage=SearchResults
Mercedes-Benz,E550,2007,Yes,"$2,250","175,106",," Stolen & Recovered, Selling Registered","Automatic,",5,Petrol,https://manheim.co.nz/damaged-vehicles/000000000007413499/2007-mercedes-benz-e550-sedan?referringPage=SearchResults
Subaru,XV,2015,No,"$1,000",N/A,," Front Damage, Structural Damage, Selling De-Registered","Automatic,",5,Petrol,https://manheim.co.nz/damaged-vehicles/000000000007423506/2015-subaru-xv-station-wagon?referringPage=SearchResults
Honda,fit,2005,No,$900,"62,028",," Import, Selling De-Registered",N/A,5,Petrol,https://manheim.co.nz/damaged-vehicles/000000000007423545/2005-honda-fit-hatch?referringPage=SearchResults
Toyota,Hiace,2008,No,"$1,100","238,940",, Selling De-Registered,"Automatic,",3,Petrol,https://manheim.co.nz/damaged-vehicles/000000000007413542/2008-toyota-hiace-van?referringPage=SearchResults
GRILLO,Series 9 Mower,2001,No,$50,N/A,0," Engine Damage, Fire Damage, Gearbox Damage, Interior Damage, Fire - Entire Vehicle, Structural Damage",N/A,N/A,Petrol,https://manheim.co.nz/damaged-vehicles/000000000007413579/2001-grillo-series-9-mower-mower--ride-on-?referringPage=SearchResults
Holden,Colorado,2018,No,N/A,"197,455",," Right Side Damage, Structural Damage, Selling De-Registered","Automatic,",5,Diesel,https://manheim.co.nz/damaged-vehicles/000000000007423717/2018-holden-colorado-ltz-dc-pu-2-8dt-4wd-dual-cab-utility?referringPage=SearchResults
Honda,VTR,1998,No,$0,"904,334",," Light Dmg, Selling De-Registered",N/A,N/A,Petrol,https://manheim.co.nz/damaged-vehicles/000000000007393735/1998-honda-vtr-250-motorcycle?referringPage=SearchResults
Mazda,Atenza,2006,Yes,$500,N/A,," Ignition Damage, Right Rear Damage, Vandalised - Interior, Stolen & Recovered, Selling Registered","Automatic,",5,Petrol,https://manheim.co.nz/damaged-vehicles/000000000007423769/2006-mazda-atenza-sedan?referringPage=SearchResults
Renault,Koleos,2011,Yes,$750,"334,872",," Stolen & Recovered, Selling Registered","6spd Automatic,",5,Diesel,https://manheim.co.nz/damaged-vehicles/000000000007413811/2011-renault-koleos-2-0dci-4dr-4wd-suv-station-wagon?referringPage=SearchResults
Volkswagen,Sharan,2012,Yes,$750,"214,689",," Front Damage, Rear Damage, Stolen & Recovered, Selling Registered","6spd Automatic,",7,Petrol,https://manheim.co.nz/damaged-vehicles/000000000007413812/2012-volkswagen-sharan-station-wagon?referringPage=SearchResults
Volkswagen,Touran,2006,Yes,"$1,000",N/A,, Selling Registered,"Automatic,",5,Petrol,https://manheim.co.nz/damaged-vehicles/000000000007413817/2006-volkswagen-touran-2-0-fsi-station-wagon?referringPage=SearchResults
Nissan,Primera,2005,Yes,$600,"106,215",," Stolen & Recovered, Selling Registered","CVT,",5,Petrol,https://manheim.co.nz/damaged-vehicles/000000000007413823/2005-nissan-primera-sedan?referringPage=SearchResults
TRAILER,Domestic,2010,No,$100,N/A,0," Chassis Damage, Left Side Damage, Right Front Damage, Right Side Damage, Underbody Damage, Selling De-Registered",N/A,N/A,N/A,https://manheim.co.nz/damaged-vehicles/000000000007423837/2010-trailer-domestic-trailer?referringPage=SearchResults
Toyota,Aqua,2017,No,$900,N/A,," Right Front Damage, Right Side Damage, Structural Damage, Suspension Damage, Selling De-Registered",N/A,5,Hybrid,https://manheim.co.nz/damaged-vehicles/000000000007423868/2017-toyota-aqua-hatch?referringPage=SearchResults
Mitsubishi,Delica,2007,No,$900,N/A,," Rear Damage, Structural Damage, Selling De-Registered","4spd Automatic,",8,Petrol,https://manheim.co.nz/damaged-vehicles/000000000007423906/2007-mitsubishi-delica-station-wagon?referringPage=SearchResults
Hyundai,Santa FE,2017,No,N/A,"118,838",," Front Damage, Left Front Damage, Left Side Damage, Right Front Damage, Structural Damage, Selling De-Registered","Automatic,",7,Diesel,https://manheim.co.nz/damaged-vehicles/000000000007413929/2017-hyundai-santa-fe-dm-2-2d-elite-station-wagon?referringPage=SearchResults
Skoda,Kodiaq,2022,No,N/A,"57,418",, Selling De-Registered,"Automatic,",7,Diesel,https://manheim.co.nz/damaged-vehicles/000000000007413984/2022-skoda-kodiaq-sportline-tdi-147kw-station-wagon?referringPage=SearchResults
Ford,Falcon,1999,No,$300,"313,215",," Front Damage, Left Front Damage, Left Rear Damage, Selling De-Registered","4spd Automatic,",6,Petrol,https://manheim.co.nz/damaged-vehicles/000000000007423982/1999-ford-falcon-au-forte-w-ca-station-wagon?referringPage=SearchResults
Hyundai,IX35,2014,No,"$1,300",N/A,," Fire Damage, Fire - Engine, Structural Damage, Selling De-Registered",N/A,5,Petrol,https://manheim.co.nz/damaged-vehicles/000000000007424033/2014-hyundai-ix35-gdi2-46a-2-4p4wd6a--station-wagon?referringPage=SearchResults
Ford,Territory,2004,No,$600,N/A,," Left Front Damage, Left Side Damage, Dismantled - Entire Vehicle, Selling De-Registered","Automatic,",7,Petrol,https://manheim.co.nz/damaged-vehicles/000000000007394058/2004-ford-territory-tx-rwd-station-wagon?referringPage=SearchResults
Peugeot,508,2013,No,$700,N/A,," Front Damage, Airbags Deployed, Structural Damage, Selling De-Registered","Automatic,",5,Diesel,https://manheim.co.nz/damaged-vehicles/000000000007424066/2013-peugeot-508-sw-touring?referringPage=SearchResults
Ford,Falcon,2003,No,$700,N/A,," Left Side Damage, Roof Damage, Right Side Damage, Dismantled - Entire Vehicle, Selling De-Registered","Automatic,",5,Petrol,https://manheim.co.nz/damaged-vehicles/000000000007394126/2003-ford-falcon-ba-futura-4fa-sedan?referringPage=SearchResults
Kawasaki,ex,2025,Yes,$0,"2,883",, Selling Registered,N/A,N/A,Petrol,https://manheim.co.nz/damaged-vehicles/000000000007404173/2025-kawasaki-ex-500g-motorcycle?referringPage=SearchResults
Honda,fit,2014,No,"$1,200","230,985",," Left Front Damage, Left Rear Damage, Right Front Damage, Structural Damage, Selling De-Registered","Automatic,",5,Hybrid,https://manheim.co.nz/damaged-vehicles/000000000007404199/2014-honda-fit-shuttle-hatch?referringPage=SearchResults
Toyota,Prius,2001,Yes,$500,N/A,," Glass Broken, Ignition Damage, Right Side Damage, Selling Registered","Automatic,",5,Hybrid,https://manheim.co.nz/damaged-vehicles/000000000007414236/2001-toyota-prius-hybrid-sedan?referringPage=SearchResults
Haval,Jolion,2023,No,"$1,200","48,513",," Front Damage, Airbags Deployed, Structural Damage, Selling De-Registered","Automatic,",5,Petrol,https://manheim.co.nz/damaged-vehicles/000000000007424266/2023-haval-jolion-ultra-2wd-hybrid-1--station-wagon?referringPage=SearchResults
Honda,fit,2010,No,"$1,100","127,467",," Underbody Damage, Selling De-Registered","CVT,",5,Hybrid,https://manheim.co.nz/damaged-vehicles/000000000007424293/2010-honda-fit-hybrid-hatch?referringPage=SearchResults
Honda,Odyssey,2007,No,"$1,200","84,298",," Import, Left Front Damage, Right Rear Damage, Selling De-Registered","Automatic,",8,Petrol,https://manheim.co.nz/damaged-vehicles/000000000007424296/2007-honda-odyssey-absolute-station-wagon?referringPage=SearchResults
Nissan,Pathfinder,2014,Yes,"$2,000",N/A,," Stolen & Recovered, Selling Registered","CVT,",7,Petrol,https://manheim.co.nz/damaged-vehicles/000000000007424329/2014-nissan-pathfinder-3-5p6cvt-sw5d7s-station-wagon?referringPage=SearchResults
Subaru,Foresrter,2008,No,"$1,000","90,375",," Import, Underbody Damage, Selling De-Registered","Automatic,",5,Petrol,https://manheim.co.nz/damaged-vehicles/000000000007424331/2008-subaru-foresrter-xs-2-0-station-wagon?referringPage=SearchResults
CF Moto,Uforce 600 EPS Veloc,2026,No,$0,N/A,," Chassis Damage, Engine Damage, Structural Damage, Suspension Damage, Selling De-Registered","Automatic,",N/A,N/A,https://manheim.co.nz/damaged-vehicles/000000000007424411/2026-cf-moto-uforce-600-eps-veloc-off-road?referringPage=SearchResults
Audi,A4,2006,No,$600,"218,804",," Glass Broken, Left Front Damage, Left Side Damage, Right Front Damage, Right Side Damage, Structural Damage, Selling De-Registered","Automatic,",5,Petrol,https://manheim.co.nz/damaged-vehicles/000000000007424423/2006-audi-a4-1-8t-multi-sedan?referringPage=SearchResults
Holden,Captiva,2015,No,$600,"169,595",," Interior Damage, Water Damage, Selling De-Registered","Automatic,",7,Diesel,https://manheim.co.nz/damaged-vehicles/000000000007424580/2015-holden-captiva-7-ltz-2-2d-4wd-6at--station-wagon?referringPage=SearchResults
Kawasaki,ex,2024,No,$0,"12,959",," Front Damage, Structural Damage, Selling De-Registered","Manual,",N/A,Petrol,https://manheim.co.nz/damaged-vehicles/000000000007424629/2024-kawasaki-ex-650-lams-motorcycle?referringPage=SearchResults
Toyota,Aqua,2016,No,"$1,200","286,160",," Left Front Damage, Structural Damage, Selling De-Registered","Automatic,",5,Hybrid,https://manheim.co.nz/damaged-vehicles/000000000007414734/2016-toyota-aqua-hatch?referringPage=SearchResults
Nissan,Bluebird,2005,Yes,$600,"114,662",," Right Rear Damage, Selling Registered",N/A,5,Petrol,https://manheim.co.nz/damaged-vehicles/000000000007414777/2005-nissan-bluebird-sylphy-sedan?referringPage=SearchResults
Mazda,Bongo,2011,Yes,"$1,000",N/A,," Right Side Damage, Selling Registered",N/A,2,Petrol,https://manheim.co.nz/damaged-vehicles/000000000007414792/2011-mazda-bongo-van?referringPage=SearchResults
Mazda,CX-5,2015,No,$400,N/A,," Fire Damage, Fire - Entire Vehicle, Structural Damage, Stolen & Recovered, Selling De-Registered","6spd Automatic,",5,Diesel,https://manheim.co.nz/damaged-vehicles/000000000007394908/2015-mazda-cx-5-gsxdsl-2-2d-4wd-6at-station-wagon?referringPage=SearchResults
Nissan,Fuga,2007,No,$0,N/A,, Selling De-Registered,N/A,5,Petrol,https://manheim.co.nz/damaged-vehicles/000000000007425020/2007-nissan-fuga-sedan?referringPage=SearchResults
Fiat,500,2010,No,$400,"154,149",," Left Rear Damage, Rear Damage, Right Rear Damage, Structural Damage, Selling De-Registered","Automatic,",4,Petrol,https://manheim.co.nz/damaged-vehicles/000000000007425025/2010-fiat-500-c-1-4-3d-dualogic-hatch?referringPage=SearchResults
Mercedes-Benz,C250,2008,No,$0,N/A,, Selling De-Registered,N/A,5,Petrol,https://manheim.co.nz/damaged-vehicles/000000000007425034/2008-mercedes-benz-c250-sedan?referringPage=SearchResults
Honda,Elysion,2004,No,$0,N/A,, Selling De-Registered,N/A,8,Petrol,https://manheim.co.nz/damaged-vehicles/000000000007425052/2004-honda-elysion-station-wagon?referringPage=SearchResults
Ford,Escape,2018,No,"$1,300","195,288",," Front Damage, Airbags Deployed, Structural Damage, Selling De-Registered","Automatic,",5,Petrol,https://manheim.co.nz/damaged-vehicles/000000000007425095/2018-ford-escape-ambiente-fwd-petrol-station-wagon?referringPage=SearchResults
Nissan,AD,2017,No,"$1,300",N/A,," Front Damage, Interior Damage, Vandalised - Interior, Structural Damage, Stolen & Recovered, Selling De-Registered",N/A,5,Petrol,https://manheim.co.nz/damaged-vehicles/000000000007385101/2017-nissan-ad-station-wagon?referringPage=SearchResults
Nissan,Vanette,2008,Yes,$500,"265,484",," Ignition Damage, Left Side Damage, Right Front Damage, Vandalised - Interior, Stolen & Recovered, Selling Registered","Automatic,",3,Petrol,https://manheim.co.nz/damaged-vehicles/000000000007425155/2008-nissan-vanette-van?referringPage=SearchResults
MG,ZS,2021,No,$700,"47,955",," Left Front Damage, Structural Damage, Selling De-Registered","Automatic,",5,Petrol,https://manheim.co.nz/damaged-vehicles/000000000007415274/2021-mg-zs-excite-1-5p-4at-station-wagon?referringPage=SearchResults
Opel,Astra,2002,Yes,$200,N/A,," Right Side Damage, Dismantled - Interior, Selling Registered","Automatic,",4,Petrol,https://manheim.co.nz/damaged-vehicles/000000000007395442/2002-opel-astra-cabriolet?referringPage=SearchResults
Ford,Fiesta,2007,No,$300,"117,388",," Left Front Damage, Right Front Damage, Selling De-Registered","Manual,",5,Petrol,https://manheim.co.nz/damaged-vehicles/000000000007395452/2007-ford-fiesta-5dr-1-6-m-hatch?referringPage=SearchResults
Ford,Focus,2007,No,$400,N/A,," Right Side Damage, Structural Damage, Selling De-Registered","Manual,",5,Petrol,https://manheim.co.nz/damaged-vehicles/000000000007415460/2007-ford-focus-2-0-m-hatch-hatch?referringPage=SearchResults
Dodge.,Journey,2014,No,"$1,200","190,314",," Right Front Damage, Right Rear Damage, Right Side Damage, Structural Damage, Selling De-Registered","Automatic,",7,Petrol,https://manheim.co.nz/damaged-vehicles/000000000007425496/2014-dodge-journey-sxt-3-6p-6at-sw-5dr-station-wagon?referringPage=SearchResults
Ford,Mondeo,2006,No,$800,"59,759",," Left Front Damage, Left Side Damage, Selling De-Registered","Automatic,",5,Petrol,https://manheim.co.nz/damaged-vehicles/000000000007395521/2006-ford-mondeo-2-0-sedan-aut-sedan?referringPage=SearchResults
Ford,Mondeo,2009,No,$700,"126,145",," Left Front Damage, Selling De-Registered","Automatic,",5,Diesel,https://manheim.co.nz/damaged-vehicles/000000000007395534/2009-ford-mondeo-2-0td-sedan-a-sedan?referringPage=SearchResults
Nissan,X-trail,2022,No,N/A,N/A,," Rolled, Structural Damage, Selling De-Registered","Automatic,",5,Petrol,https://manheim.co.nz/damaged-vehicles/000000000007415531/2022-nissan-x-trail-st-2-5p-4wd-6cvt-station-wagon?referringPage=SearchResults
Ford,Focus,2012,No,"$1,100","153,783",," Left Rear Damage, Left Side Damage, Selling De-Registered","Automatic,",5,Diesel,https://manheim.co.nz/damaged-vehicles/000000000007395545/2012-ford-focus-trend-2-0-auto-h-ds-hatch?referringPage=SearchResults
Mitsubishi,Colt,2007,No,$500,N/A,," Front Damage, Glass Broken, Ignition Damage, Vandalised - Interior, Selling De-Registered","Automatic,",5,Petrol,https://manheim.co.nz/damaged-vehicles/000000000007425632/2007-mitsubishi-colt-hatch?referringPage=SearchResults
Toyota,Camry,2011,No,"$1,100","138,252",," Front Damage, Left Front Damage, Left Side Damage, Structural Damage, Selling De-Registered","Automatic,",5,Petrol,https://manheim.co.nz/damaged-vehicles/000000000007365630/2011-toyota-camry-2-4p-gl-sedan-5a-sedan?referringPage=SearchResults
Suzuki,Vitara,2022,No,"$1,400","48,140",," Front Damage, Left Side Damage, Right Front Damage, Right Rear Damage, Right Side Damage, Structural Damage, Selling De-Registered","Automatic,",5,Petrol,https://manheim.co.nz/damaged-vehicles/000000000007405694/2022-suzuki-vitara-turbo-1-4pt-6at-station-wagon?referringPage=SearchResults
LDV,V80,2020,No,N/A,N/A,," Front Damage, Left Front Damage, Left Rear Damage, Left Side Damage, Right Front Damage, Right Rear Damage, Right Side Damage, Structural Damage, Selling De-Registered","Automatic,",3,Diesel,https://manheim.co.nz/damaged-vehicles/000000000007415694/2020-ldv-v80-bigger-amt-2-5d-6am-van?referringPage=SearchResults
Hyundai,I30,2019,No,N/A,N/A,," Front Damage, Rear Damage, Structural Damage, Selling De-Registered",N/A,5,Petrol,https://manheim.co.nz/damaged-vehicles/000000000007425729/2019-hyundai-i30-pd-i30-n-2-0t-2-0p-hatch?referringPage=SearchResults
Mercedes-Benz,C200,2010,No,"$1,300",N/A,," Front Damage, Structural Damage, Selling De-Registered","Automatic,",5,Petrol,https://manheim.co.nz/damaged-vehicles/000000000007425776/2010-mercedes-benz-c200-sedan?referringPage=SearchResults
Honda,CBR,2019,No,$0,"16,261",," Front Damage, Right Side Damage, Structural Damage, Selling De-Registered","Automatic,",N/A,Petrol,https://manheim.co.nz/damaged-vehicles/000000000007405771/2019-honda-cbr-500-p-motorcycle?referringPage=SearchResults
Honda,Saber,2000,Yes,$900,N/A,," Left Rear Damage, Selling Registered","Automatic,",5,Petrol,https://manheim.co.nz/damaged-vehicles/000000000007405800/2000-honda-saber-3-2-v-sedan?referringPage=SearchResults
Ford,Falcon,2007,No,"$1,100",N/A,," Left Front Damage, Left Rear Damage, Right Front Damage, Right Rear Damage, Right Side Damage, Selling De-Registered","Automatic,",5,Petrol,https://manheim.co.nz/damaged-vehicles/000000000007395853/2007-ford-falcon-bf2-xr6-sedan-a-sedan?referringPage=SearchResults
Ford,Fiesta,2012,No,$800,N/A,," Right Front Damage, Selling De-Registered","Automatic,",5,Petrol,https://manheim.co.nz/damaged-vehicles/000000000007395855/2012-ford-fiesta-5dr-1-6-lx-a-hatch?referringPage=SearchResults
Toyota,Vitz,2018,No,"$1,300",N/A,," Airbags Deployed, Front Damage, Airbags Deployed, Structural Damage, Suspension Damage, Selling De-Registered","Automatic,",5,Hybrid,https://manheim.co.nz/damaged-vehicles/000000000007425869/2018-toyota-vitz-hatch?referringPage=SearchResults
Ford,Falcon,2002,No,$600,N/A,," Right Front Damage, Right Side Damage, Selling De-Registered","Automatic,",6,Petrol,https://manheim.co.nz/damaged-vehicles/000000000007395872/2002-ford-falcon-auiii-forte-w-ca-station-wagon?referringPage=SearchResults
Audi,A3,2013,Yes,$600,N/A,," Left Front Damage, Left Side Damage, Selling Registered","Automatic,",5,Petrol,https://manheim.co.nz/damaged-vehicles/000000000007426003/2013-audi-a3-station-wagon?referringPage=SearchResults
Toyota,Aqua,2015,No,$900,"85,109",," Front Damage, Structural Damage, Selling De-Registered","Automatic,",5,Hybrid,https://manheim.co.nz/damaged-vehicles/000000000007426026/2015-toyota-aqua-hatch?referringPage=SearchResults
Peugeot,206,2003,Yes,$500,"155,657",, Selling Registered,"4spd Automatic,",4,Petrol,https://manheim.co.nz/damaged-vehicles/000000000007426028/2003-peugeot-206-cc-cabriolet?referringPage=SearchResults
OMODA,C5,2026,No,$400,N/A,," Rear Damage, Selling De-Registered",N/A,5,Petrol,https://manheim.co.nz/damaged-vehicles/000000000007416032/2026-omoda-c5-ex-1-5pt-6at-station-wagon?referringPage=SearchResults
Toyota,Aqua,2017,No,"$1,200","186,487",," Front Damage, Left Rear Damage, Vandalised - Interior, Structural Damage, Stolen & Recovered, Selling De-Registered","4spd Automatic,",5,Hybrid,https://manheim.co.nz/damaged-vehicles/000000000007426040/2017-toyota-aqua-hatch?referringPage=SearchResults
Dodge.,Journey,2012,Yes,"$2,000","115,092",, Selling Registered,"6spd Automatic,",7,Petrol,https://manheim.co.nz/damaged-vehicles/000000000007426054/2012-dodge-journey-3-6l-petrol-auto-r--station-wagon?referringPage=SearchResults
Toyota,Fielder,2015,No,"$1,300","147,133",," Left Front Damage, Left Rear Damage, Right Front Damage, Structural Damage, Selling De-Registered","Automatic,",5,Hybrid,https://manheim.co.nz/damaged-vehicles/000000000007406057/2015-toyota-fielder-station-wagon?referringPage=SearchResults
Toyota,Hiace,2005,No,N/A,N/A,," Left Side Damage, Right Side Damage, Structural Damage, Selling De-Registered","Automatic,",3,Petrol,https://manheim.co.nz/damaged-vehicles/000000000007426074/2005-toyota-hiace-van?referringPage=SearchResults
Ford,Transit,2023,No,N/A,"148,218",," Roof Damage, Structural Damage, Selling De-Registered","Automatic,",9,Diesel,https://manheim.co.nz/damaged-vehicles/000000000007416094/2023-ford-transit-tourneo-trend-2-0d-van?referringPage=SearchResults
CF Moto,300sr,2023,No,$0,1,," Right Side Damage, Structural Damage, Selling De-Registered","Automatic,",N/A,Petrol,https://manheim.co.nz/damaged-vehicles/000000000007426156/2023-cfmoto-300sr-motorcycle?referringPage=SearchResults
Ford,Laser,2000,No,$500,N/A,, Selling De-Registered,"Manual,",5,Petrol,https://manheim.co.nz/damaged-vehicles/000000000007396174/2000-ford-laser-1-6-lx-5dr-man-hatch?referringPage=SearchResults
Mazda,Demio,2001,No,$700,"249,993",, Selling De-Registered,"Automatic,",5,Petrol,https://manheim.co.nz/damaged-vehicles/000000000007396180/2001-mazda-demio-hatch?referringPage=SearchResults
Mercedes-Benz,C63,2017,No,N/A,N/A,," Chassis Damage, Left Front Damage, Structural Damage, Suspension Damage, Selling De-Registered","Automatic,",5,Petrol,https://manheim.co.nz/damaged-vehicles/000000000007416183/2017-mercedes-benz-c63-s-sedan?referringPage=SearchResults
Mitsubishi,Colt,2007,No,$300,"63,596",," Rear Damage, Structural Damage, Selling De-Registered",N/A,5,Petrol,https://manheim.co.nz/damaged-vehicles/000000000007416184/2007-mitsubishi-colt-hatch?referringPage=SearchResults
Toyota,Estima,1993,No,$900,"367,767",, Selling De-Registered,"Automatic,",8,Diesel,https://manheim.co.nz/damaged-vehicles/000000000007396193/1993-toyota-estima-lucida-station-wagon?referringPage=SearchResults
Honda,fit,2011,No,$400,"149,800",," Front Damage, Structural Damage, Selling De-Registered","Automatic,",5,Hybrid,https://manheim.co.nz/damaged-vehicles/000000000007426197/2011-honda-fit-hybrid-hatch?referringPage=SearchResults
Toyota,Aqua,2016,No,$600,"159,499",," Front Damage, Right Front Damage, Right Side Damage, Airbags Deployed, Structural Damage, Selling De-Registered","Automatic,",5,Hybrid,https://manheim.co.nz/damaged-vehicles/000000000007416223/2016-toyota-aqua-hatch?referringPage=SearchResults
Toyota,Corolla,2013,Yes,"$1,350",N/A,, Selling Registered,"CVT,",5,Petrol,https://manheim.co.nz/damaged-vehicles/000000000007416247/2013-toyota-corolla-gx-1-5p-wagon-cvt-station-wagon?referringPage=SearchResults
Holden,Commodore,2008,No,$700,N/A,," Left Front Damage, Left Rear Damage, Selling De-Registered","Automatic,",5,Petrol,https://manheim.co.nz/damaged-vehicles/000000000007386259/2008-holden-commodore-sedan-v6-auto-sedan?referringPage=SearchResults
Holden,Spark,2016,No,$800,"95,808",," Left Front Damage, Left Rear Damage, Selling De-Registered","Automatic,",5,Petrol,https://manheim.co.nz/damaged-vehicles/000000000007386282/2016-holden-spark-ls-1-4p-cvt-hatch?referringPage=SearchResults
Holden,Barina,2017,No,$700,N/A,," Left Front Damage, Selling De-Registered","Automatic,",5,Petrol,https://manheim.co.nz/damaged-vehicles/000000000007386336/2017-holden-barina-lt-1-6p-6at-hatch?referringPage=SearchResults
Ford,Ecosport,2014,No,$0,"141,548",," Left Front Damage, Right Front Damage, Selling De-Registered","Automatic,",5,Petrol,https://manheim.co.nz/damaged-vehicles/000000000007386341/2014-ford-ecosport-trend-1-5p-6at-sw-5-station-wagon?referringPage=SearchResults
Kia,Picanto,2011,No,$600,"144,634",," Left Front Damage, Structural Damage, Selling De-Registered","5spd Manual,",5,Petrol,https://manheim.co.nz/damaged-vehicles/000000000007426377/2011-kia-picanto-1-2-petrol-manual-l-hatch?referringPage=SearchResults
Toyota,Vitz,2011,No,"$1,000",N/A,," Rear Damage, Structural Damage, Selling De-Registered",N/A,5,Petrol,https://manheim.co.nz/damaged-vehicles/000000000007426386/2011-toyota-vitz-hatch?referringPage=SearchResults
CARAVAN,Bailey Olympus,2010,No,"$2,950",N/A,0," Interior Damage, Water Damage, Selling De-Registered",N/A,N/A,N/A,https://manheim.co.nz/damaged-vehicles/000000000007426408/2010-caravan-bailey-olympus-caravan?referringPage=SearchResults
Ford,Focus,2012,No,$400,"166,442",," Glass Broken, Left Front Damage, Left Side Damage, Structural Damage, Selling De-Registered",N/A,5,Diesel,https://manheim.co.nz/damaged-vehicles/000000000007406404/2012-ford-focus-trend-2-0-auto-h-ds-hatch?referringPage=SearchResults
TRAILER,Elite 7X4,2014,No,$500,N/A,0," Structural Damage, Selling De-Registered",N/A,N/A,N/A,https://manheim.co.nz/damaged-vehicles/000000000007426434/2014-trailer-elite-7x4-box-body-trailer?referringPage=SearchResults
Alfa Romeo,Giulietta,2014,Yes,$600,"145,685",," Front Damage, Rear Damage, Selling Registered","Automatic,",5,Petrol,https://manheim.co.nz/damaged-vehicles/000000000007416476/2014-alfa-romeo-giulietta-progression-1-4p-6a-hatch?referringPage=SearchResults
CARAVAN,Oxford,1978,No,$0,N/A,0," Left Side Damage, Roof Damage, Structural Damage, Selling De-Registered",N/A,N/A,N/A,https://manheim.co.nz/damaged-vehicles/000000000007396482/1978-caravan-oxford-caravan?referringPage=SearchResults
Holden,Barina,2012,No,"$1,100",N/A,," Stolen & Recovered, Selling De-Registered","Automatic,",5,Petrol,https://manheim.co.nz/damaged-vehicles/000000000007396498/2012-holden-barina-1-6-hatch-at-hatch?referringPage=SearchResults
BMW,Mini,2007,No,$600,"176,551",," Rear Damage, Structural Damage, Selling De-Registered","Automatic,",4,Petrol,https://manheim.co.nz/damaged-vehicles/000000000007416497/2007-bmw-mini-hatch?referringPage=SearchResults
Mazda,MAZDA3,2007,No,$600,"322,136",," Left Side Damage, Structural Damage, Selling De-Registered","2spd Automatic,",5,Petrol,https://manheim.co.nz/damaged-vehicles/000000000007416523/2007-mazda-mazda3-sporthatch-sp23-2-3-hatch?referringPage=SearchResults
Nissan,X-trail,2021,No,"$1,400",N/A,," Front Damage, Rear Damage, Roof Damage, Structural Damage, Selling De-Registered",N/A,7,Petrol,https://manheim.co.nz/damaged-vehicles/000000000007416562/2021-nissan-x-trail-st-2-5p-6cvt-sw-5dr-station-wagon?referringPage=SearchResults
Mazda,MAZDA3,2019,No,"$1,300","216,404",," Right Front Damage, Structural Damage, Selling De-Registered","Automatic,",5,Petrol,https://manheim.co.nz/damaged-vehicles/000000000007426592/2019-mazda-mazda3-sp25-2-5p-6at-hatch?referringPage=SearchResults
Mazda,Familia,1994,No,$400,"239,095",," Left Front Damage, Left Rear Damage, Selling De-Registered","5spd Manual,",5,Petrol,https://manheim.co.nz/damaged-vehicles/000000000007406680/1994-mazda-familia-hatch?referringPage=SearchResults
TRAILER,,2017,No,"$1,100",N/A,0," Structural Damage, Selling De-Registered",N/A,N/A,N/A,https://manheim.co.nz/damaged-vehicles/000000000007426722/2017-trailer--boxbody-homebuilt-trailer--box-domestic-?referringPage=SearchResults
Subaru,Outback,2006,No,$200,"221,600",," Left Front Damage, Left Side Damage, Underbody Damage, Structural Damage, Selling De-Registered","Automatic,",5,Petrol,https://manheim.co.nz/damaged-vehicles/000000000007406734/2006-subaru-outback-station-wagon?referringPage=SearchResults
Honda,fit,2004,No,$400,"252,610",," Front Damage, Left Front Damage, Left Rear Damage, Right Front Damage, Right Rear Damage, Right Side Damage, Structural Damage, Suspension Damage, Selling De-Registered","Automatic,",5,Petrol,https://manheim.co.nz/damaged-vehicles/000000000007426761/2004-honda-fit-hatch?referringPage=SearchResults
Mazda,Atenza,2011,No,$600,N/A,," Front Damage, Airbags Deployed, Structural Damage, Selling De-Registered","Automatic,",5,Petrol,https://manheim.co.nz/damaged-vehicles/000000000007426768/2011-mazda-atenza-sedan?referringPage=SearchResults
Ford,Focus,2012,No,$0,"149,171",," Left Rear Damage, Selling De-Registered","Automatic,",5,Diesel,https://manheim.co.nz/damaged-vehicles/000000000007386780/2012-ford-focus-trend-2-0-w-diesel-station-wagon?referringPage=SearchResults
MINI,Cooper,2007,Yes,$750,N/A,," Right Front Damage, Selling Registered",N/A,4,Petrol,https://manheim.co.nz/damaged-vehicles/000000000007416782/2007-mini-cooper-one-hatch?referringPage=SearchResults
Nissan,Tiida,2007,Yes,$600,N/A,," Front Damage, Glass Broken, Ignition Damage, Left Front Damage, Stolen & Recovered, Selling Registered","Automatic,",5,Petrol,https://manheim.co.nz/damaged-vehicles/000000000007416797/2007-nissan-tiida-hatch?referringPage=SearchResults
Holden,Cruze,2013,No,$0,"133,500",," Left Front Damage, Right Front Damage, Dismantled - Interior, Selling De-Registered","Automatic,",5,Petrol,https://manheim.co.nz/damaged-vehicles/000000000007386831/2013-holden-cruze-cdx-sdn-1-8-at-sedan?referringPage=SearchResults
Nissan,Skyline,2008,Yes,$600,"143,590",," Left Side Damage, Stolen & Recovered, Selling Registered","Automatic,",5,Petrol,https://manheim.co.nz/damaged-vehicles/000000000007416854/2008-nissan-skyline-sedan?referringPage=SearchResults
Honda,Integra,2002,No,"$1,500","290,676",, Selling De-Registered,"Automatic,",4,Petrol,https://manheim.co.nz/damaged-vehicles/000000000007406850/2002-honda-integra-hatch?referringPage=SearchResults
Toyota,Aqua,2017,No,"$1,300","170,106",," Right Side Damage, Structural Damage, Selling De-Registered",N/A,5,Hybrid,https://manheim.co.nz/damaged-vehicles/000000000007406886/2017-toyota-aqua-hatch?referringPage=SearchResults
Suzuki,VL250,2007,No,$0,N/A,," Left Side Damage, Right Front Damage, Right Side Damage, Structural Damage, Selling De-Registered","Automatic,",N/A,Petrol,https://manheim.co.nz/damaged-vehicles/000000000007406893/2007-suzuki-vl250-intruder-250lc-motorcycle?referringPage=SearchResults
Ford,Fiesta,2006,No,$500,"51,164",," Left Side Damage, Airbags Deployed, Dismantled - Entire Vehicle, Selling De-Registered","Automatic,",5,Petrol,https://manheim.co.nz/damaged-vehicles/000000000007426902/2006-ford-fiesta-5dr-1-6-a-hatch?referringPage=SearchResults
Holden,Cruze,2009,No,$900,"30,578",," Left Front Damage, Left Rear Damage, Dismantled - Entire Vehicle, Selling De-Registered","Automatic,",5,Petrol,https://manheim.co.nz/damaged-vehicles/000000000007426910/2009-holden-cruze-cdx-1-8-at-sedan?referringPage=SearchResults
Ford,Focus,2005,No,$500,"50,587",," Left Rear Damage, Left Side Damage, Roof Damage, Right Side Damage, Dismantled - Entire Vehicle, Selling De-Registered","Automatic,",5,Petrol,https://manheim.co.nz/damaged-vehicles/000000000007426918/2005-ford-focus-hatch?referringPage=SearchResults
TNT MOTOR,Roma,2021,No,$0,"9,440",," Left Rear Damage, Selling De-Registered",N/A,N/A,Petrol,https://manheim.co.nz/damaged-vehicles/000000000007416939/2021-tnt-motor-roma-2t-scooter?referringPage=SearchResults
Honda,Accord,2006,No,$600,"140,162",," Water Damage, Selling De-Registered",N/A,5,Petrol,https://manheim.co.nz/damaged-vehicles/000000000007416953/2006-honda-accord-sedan?referringPage=SearchResults
Holden,Colorado,2013,No,"$1,300",N/A,," Front Damage, Structural Damage, Selling De-Registered","Automatic,",5,Diesel,https://manheim.co.nz/damaged-vehicles/000000000007416958/2013-holden-colorado-4x4-lx-dc-pu-2-8-mt-dual-cab-utility?referringPage=SearchResults
Honda,Civic,2005,Yes,$500,"196,797",," Glass Broken, Ignition Damage, Vandalised - Entire Vehicle, Stolen & Recovered, Selling Registered","Automatic,",5,Petrol,https://manheim.co.nz/damaged-vehicles/000000000007416968/2005-honda-civic-sedan?referringPage=SearchResults
Toyota,Corolla,2013,No,"$1,200",N/A,, Selling De-Registered,"7spd CVT,",5,Petrol,https://manheim.co.nz/damaged-vehicles/000000000007426984/2013-toyota-corolla-gx-1-8p-hatch-cv-hatch?referringPage=SearchResults
Audi,S4,2010,Yes,"$2,000","142,331",," Left Side Damage, Selling Registered","7spd Automatic,",5,Petrol,https://manheim.co.nz/damaged-vehicles/000000000007426987/2010-audi-s4-sedan?referringPage=SearchResults
Nissan,Bluebird,2000,Yes,$600,N/A,," Left Side Damage, Right Rear Damage, Selling Registered","4spd Automatic,",5,Petrol,https://manheim.co.nz/damaged-vehicles/000000000007417066/2000-nissan-bluebird-sylphy-sedan?referringPage=SearchResults
Ford,Falcon,2003,No,"$1,100","156,048",," Left Front Damage, Left Side Damage, Roof Damage, Right Rear Damage, Right Side Damage, Dismantled - Entire Vehicle, Dismantled - Engine, Selling De-Registered","Automatic,",5,Petrol,https://manheim.co.nz/damaged-vehicles/000000000007407071/2003-ford-falcon-ba-falcon-xr6t-4fa-sedan?referringPage=SearchResults
Mitsubishi,Galant,2013,No,$500,"172,063",, Selling De-Registered,"6spd Automatic,",5,Petrol,https://manheim.co.nz/damaged-vehicles/000000000007427075/2013-mitsubishi-galant-fortis-hatch?referringPage=SearchResults
Lexus,IS350,2006,No,$500,N/A,, Selling De-Registered,"6spd Automatic,",5,Petrol,https://manheim.co.nz/damaged-vehicles/000000000007427079/2006-lexus-is350-sedan?referringPage=SearchResults
Ford,Fiesta,2017,No,$700,"123,159",, Selling De-Registered,"6spd Automatic,",5,Petrol,https://manheim.co.nz/damaged-vehicles/000000000007427083/2017-ford-fiesta-trend-1-5p-6at-ha-5-hatch?referringPage=SearchResults
Ford,Fiesta,2008,No,$500,"75,447",," Left Front Damage, Left Rear Damage, Left Side Damage, Right Front Damage, Dismantled - Entire Vehicle, Selling De-Registered","5spd Manual,",5,Petrol,https://manheim.co.nz/damaged-vehicles/000000000007427126/2008-ford-fiesta-5dr-1-6-m-hatch?referringPage=SearchResults
TNT MOTOR,Roma,2022,No,$0,"9,555",," Front Damage, Structural Damage, Selling De-Registered","Automatic,",N/A,Petrol,https://manheim.co.nz/damaged-vehicles/000000000007417121/2022-tnt-motor-roma-2t-scooter?referringPage=SearchResults
Suzuki,SV650,2023,No,$0,1,," Rear Damage, Structural Damage, Selling De-Registered","Automatic,",N/A,Petrol,https://manheim.co.nz/damaged-vehicles/000000000007417184/2023-suzuki-sv650-am3-abs-motorcycle?referringPage=SearchResults
Ford,Capri,1990,No,$600,"179,195",," Left Front Damage, Left Rear Damage, Right Front Damage, Dismantled - Interior, Selling De-Registered","5spd Manual,",5,Petrol,https://manheim.co.nz/damaged-vehicles/000000000007407234/1990-ford-capri-hatch?referringPage=SearchResults
Ford,Falcon,2009,No,"$1,100",N/A,," Left Front Damage, Left Rear Damage, Dismantled - Interior, Selling De-Registered","Automatic,",5,Petrol,https://manheim.co.nz/damaged-vehicles/000000000007407259/2009-ford-falcon-fg-xt-sedan-fa-sedan?referringPage=SearchResults
Mitsubishi,Colt,2005,Yes,$600,N/A,," Left Front Damage, Selling Registered","Automatic,",5,Petrol,https://manheim.co.nz/damaged-vehicles/000000000007417275/2005-mitsubishi-colt-hatch?referringPage=SearchResults
Toyota,Yaris,2011,Yes,"$1,250",N/A,," Left Rear Damage, Right Side Damage, Selling Registered","4spd Automatic,",5,Petrol,https://manheim.co.nz/damaged-vehicles/000000000007417314/2011-toyota-yaris-1-5p-sedan-4a-sedan?referringPage=SearchResults
Mahindra,Pikup,2014,Yes,"$2,000",N/A,," Left Front Damage, Selling Registered","5spd Manual,",5,Diesel,https://manheim.co.nz/damaged-vehicles/000000000007417317/2014-mahindra-pikup-d-cc-c4x4-2-2d-4wd--utility?referringPage=SearchResults
Volkswagen,Beetle,2008,Yes,$500,N/A,," Roof Damage, Vandalised - Interior, Selling Registered","4spd Automatic,",4,Petrol,https://manheim.co.nz/damaged-vehicles/000000000007417318/2008-volkswagen-beetle-hatch?referringPage=SearchResults
Ford,Territory,2013,No,"$1,100",N/A,," Left Front Damage, Left Rear Damage, Right Front Damage, Right Rear Damage, Dismantled - Interior, Selling De-Registered","Automatic,",7,Petrol,https://manheim.co.nz/damaged-vehicles/000000000007407336/2013-ford-territory-titanium-rwd-petrol-station-wagon?referringPage=SearchResults
Nissan,Atlas,1996,No,"$1,400","221,812",, Selling De-Registered,"Manual,",3,Diesel,https://manheim.co.nz/damaged-vehicles/000000000007417342/1996-nissan-atlas-flat-deck?referringPage=SearchResults
Mazda,323,2000,No,$600,N/A,," Right Front Damage, Selling De-Registered","4spd Automatic,",5,Petrol,https://manheim.co.nz/damaged-vehicles/000000000007417367/2000-mazda-323-astina-glxi-1-6-aut-hatch?referringPage=SearchResults
Lexus,LX570,2011,No,N/A,N/A,," Front Damage, Rolled, Airbags Deployed, Structural Damage, Selling De-Registered","4spd Automatic,",5,Petrol,https://manheim.co.nz/damaged-vehicles/000000000007427372/2011-lexus-lx570-5-7p-wagon-6a-station-wagon?referringPage=SearchResults
Holden,Cruze,2013,No,$900,"109,514",," Left Front Damage, Left Rear Damage, Left Side Damage, Right Front Damage, Right Side Damage, Selling De-Registered","Automatic,",5,Petrol,https://manheim.co.nz/damaged-vehicles/000000000007427447/2013-holden-cruze-cdx-sdn-1-8-at-sedan?referringPage=SearchResults
Holden,Commodore,2004,No,$600,"157,337",," Right Rear Damage, Selling De-Registered","Automatic,",5,Petrol,https://manheim.co.nz/damaged-vehicles/000000000007427458/2004-holden-commodore-acclaim-v6-sedan?referringPage=SearchResults
Holden,Cruze,2012,No,"$1,100","9,099",," Left Front Damage, Left Rear Damage, Left Side Damage, Right Front Damage, Right Rear Damage, Right Side Damage, Selling De-Registered","Automatic,",5,Petrol,https://manheim.co.nz/damaged-vehicles/000000000007427466/2012-holden-cruze-cdx-sdn-1-8-at-sedan?referringPage=SearchResults
Holden,VT Commodore,1998,No,$600,N/A,," Left Front Damage, Right Front Damage, Right Side Damage, Selling De-Registered","Automatic,",5,Petrol,https://manheim.co.nz/damaged-vehicles/000000000007427470/1998-holden-vt-commodore-3-8-acclaim-sed-sedan?referringPage=SearchResults
Holden,Epica,2008,No,$600,N/A,," Left Front Damage, Right Front Damage, Right Rear Damage, Right Side Damage, Selling De-Registered","Automatic,",5,Petrol,https://manheim.co.nz/damaged-vehicles/000000000007427478/2008-holden-epica-cdx-auto-sedan?referringPage=SearchResults
Ford,Focus,2007,Yes,$400,N/A,," Right Side Damage, Selling Registered","5spd Manual,",5,Diesel,https://manheim.co.nz/damaged-vehicles/000000000007407510/2007-ford-focus-1-8td-wagon-station-wagon?referringPage=SearchResults
Toyota,Hiace,2017,No,N/A,"114,996",," Front Damage, Left Front Damage, Left Side Damage, Structural Damage, Selling De-Registered","Automatic,",12,Petrol,https://manheim.co.nz/damaged-vehicles/000000000007417540/2017-toyota-hiace-mini-bus?referringPage=SearchResults
Ford,Escape,2006,No,$700,"122,381",," Left Front Damage, Left Side Damage, Right Front Damage, Right Rear Damage, Right Side Damage, Airbags Deployed, Selling De-Registered","Automatic,",5,Petrol,https://manheim.co.nz/damaged-vehicles/000000000007427600/2006-ford-escape-xlt-v6-sport-station-wagon?referringPage=SearchResults
Holden,Vectra,2003,No,$500,N/A,," Left Front Damage, Right Front Damage, Airbags Deployed, Selling De-Registered","Automatic,",5,Petrol,https://manheim.co.nz/damaged-vehicles/000000000007427619/2003-holden-vectra-cdxi-hatch-auto-hatch?referringPage=SearchResults
Holden,Cruze,2010,Yes,$600,N/A,," Left Front Damage, Right Side Damage, Selling Registered","Automatic,",5,Petrol,https://manheim.co.nz/damaged-vehicles/000000000007427625/2010-holden-cruze-cdx-1-8-at-sedan?referringPage=SearchResults
Suzuki,GW250,2014,No,$0,"49,863",," Engine Damage, Frame Damaged, Structural Damage, Selling De-Registered","14spd Automatic,",N/A,Petrol,https://manheim.co.nz/damaged-vehicles/000000000007397980/2014-suzuki-gw250-inazuma-lam-motorcycle?referringPage=SearchResults
Toyota,Aqua,2019,No,"$1,400",N/A,," Chassis Damage, Front Damage, Left Front Damage, Structural Damage, Selling De-Registered","CVT,",5,Hybrid,https://manheim.co.nz/damaged-vehicles/000000000007418271/2019-toyota-aqua-hatch?referringPage=SearchResults
Suzuki,GSX250,2019,No,$0,N/A,," Ignition Damage, Structural Damage, Stolen & Recovered, Selling De-Registered","Automatic,",N/A,Petrol,https://manheim.co.nz/damaged-vehicles/000000000007418278/2019-suzuki-gsx250-rza-motorcycle?referringPage=SearchResults
Mitsubishi,ASX,2025,No,N/A,"8,175",," Front Damage, Structural Damage, Selling De-Registered","Automatic,",5,Petrol,https://manheim.co.nz/damaged-vehicles/000000000007418304/2025-mitsubishi-asx-ls-2-0p-cvt-station-wagon?referringPage=SearchResults
Vespa,Sprint,2015,No,$0,"14,254",," Front Damage, Structural Damage, Selling De-Registered","Automatic,",N/A,Petrol,https://manheim.co.nz/damaged-vehicles/000000000007418315/2015-vespa-sprint-125-scooter?referringPage=SearchResults
TRAILER,Rosser,2016,No,$150,N/A,0," Structural Damage, Selling De-Registered",N/A,N/A,N/A,https://manheim.co.nz/damaged-vehicles/000000000007428339/2016-trailer-rosser-a-tipping-trailer?referringPage=SearchResults
Ford,Mondeo,2005,No,$500,"100,950",," Left Front Damage, Right Front Damage, Airbags Deployed, Selling De-Registered","Automatic,",5,Petrol,https://manheim.co.nz/damaged-vehicles/000000000007418407/2005-ford-mondeo-2-0-sedan-aut-sedan?referringPage=SearchResults
Mazda,Familia,1999,No,$400,N/A,," Right Rear Damage, Structural Damage, Selling De-Registered","Automatic,",5,Petrol,https://manheim.co.nz/damaged-vehicles/000000000007408407/1999-mazda-familia-sport-20-hatch?referringPage=SearchResults
Mazda,Demio,2010,No,$900,"163,697",," Glass Broken, Interior Damage, Ignition Damage, Left Side Damage, Stolen & Recovered, Selling De-Registered",N/A,5,Petrol,https://manheim.co.nz/damaged-vehicles/000000000007408507/2010-mazda-demio-hatch?referringPage=SearchResults
Ford,Mondeo,2010,No,$0,"172,703",," Left Rear Damage, Right Front Damage, Right Rear Damage, Selling De-Registered","Automatic,",5,Diesel,https://manheim.co.nz/damaged-vehicles/000000000007418535/2010-ford-mondeo-2-0td-sedan-a-sedan?referringPage=SearchResults
Ford,Falcon,1997,No,$0,N/A,," Left Rear Damage, Left Side Damage, Right Rear Damage, Right Side Damage, Selling De-Registered","Automatic,",6,Petrol,https://manheim.co.nz/damaged-vehicles/000000000007418580/1997-ford-falcon-el-gli-ca-sedan?referringPage=SearchResults
Toyota,Aqua,2016,No,$1,1,," Fire - Entire Vehicle, Structural Damage, Selling De-Registered","Automatic,",5,Hybrid,https://manheim.co.nz/damaged-vehicles/000000000007378580/2016-toyota-aqua-hatch?referringPage=SearchResults
Holden,VX Commodore,2003,Yes,$0,N/A,," Left Front Damage, Left Side Damage, Right Front Damage, Selling Registered","Automatic,",5,Petrol,https://manheim.co.nz/damaged-vehicles/000000000007418598/2003-holden-vx-commodore-lumina-sedan-v6-aut-sedan?referringPage=SearchResults
Ford,Kuga,2011,No,$900,N/A,," Left Rear Damage, Selling De-Registered","Automatic,",5,Petrol,https://manheim.co.nz/damaged-vehicles/000000000007388612/2011-ford-kuga-2-5t-hatch?referringPage=SearchResults
Nissan,March,2008,No,$1,N/A,," Fire Damage, Structural Damage, Stolen & Recovered, Selling De-Registered",N/A,5,Petrol,https://manheim.co.nz/damaged-vehicles/000000000007388667/2008-nissan-march-hatch?referringPage=SearchResults
Ford,Falcon UTE,2004,No,"$1,500",N/A,," Left Front Damage, Left Side Damage, Right Front Damage, Right Side Damage, Airbags Deployed, Selling De-Registered","Automatic,",2,Petrol,https://manheim.co.nz/damaged-vehicles/000000000007418688/2004-ford-falcon-ute-ba-xr8-pick-up-fa-coup%C3%A9?referringPage=SearchResults
MG,ZS,2022,No,"$1,500",N/A,," Front Damage, Airbags Deployed, Structural Damage, Selling De-Registered","Automatic,",5,Petrol,https://manheim.co.nz/damaged-vehicles/000000000007418709/2022-mg-zs-t-core-1-5p-cvt-station-wagon?referringPage=SearchResults
Subaru,XV,2013,No,"$1,200",N/A,," Front Damage, Rear Damage, Structural Damage, Selling De-Registered","Automatic,",5,Petrol,https://manheim.co.nz/damaged-vehicles/000000000007418769/2013-subaru-xv-hatch-2-0i-auto-station-wagon?referringPage=SearchResults
Yamaha,YZF,2019,No,$0,"31,006",," Front Damage, Structural Damage, Selling De-Registered",N/A,N/A,Petrol,https://manheim.co.nz/damaged-vehicles/000000000007408784/2019-yamaha-yzf-r3-aj2-motorcycle?referringPage=SearchResults
Mazda,Premacy,2012,No,$700,"180,097",," Structural Damage, Suspension Damage, Selling De-Registered","Automatic,",7,Petrol,https://manheim.co.nz/damaged-vehicles/000000000007398815/2012-mazda-premacy-station-wagon?referringPage=SearchResults
Toyota,Yaris,2006,Yes,"$1,250","247,448",," Front Damage, Selling Registered","5spd Manual,",5,Petrol,https://manheim.co.nz/damaged-vehicles/000000000007408839/2006-toyota-yaris-1-3p-hatch5-5m-hatch?referringPage=SearchResults
Audi,A4,2010,No,$900,N/A,," Fire Damage, Left Front Damage, Malicious/Vandalised, Roof Damage, Fire - Interior, Structural Damage, Selling De-Registered","Automatic,",5,Petrol,https://manheim.co.nz/damaged-vehicles/000000000007418887/2010-audi-a4-2-0t-quattro-sedan?referringPage=SearchResults
Nissan,Tiida,2012,No,$800,"235,979",," Front Damage, Structural Damage, Suspension Damage, Selling De-Registered","4spd,",5,Petrol,https://manheim.co.nz/damaged-vehicles/000000000007398921/2012-nissan-tiida-latio-sedan?referringPage=SearchResults
Kia,Soul,2009,Yes,"$1,250","90,708",," Left Front Damage, Underbody Damage, Suspension Damage, Selling Registered","Automatic,",5,Diesel,https://manheim.co.nz/damaged-vehicles/000000000007358942/2009-kia-soul-hatch?referringPage=SearchResults
CARAVAN,Swift Corniche,1993,No,$150,N/A,0," Interior Damage, Structural Damage, Water Damage, Selling De-Registered",N/A,N/A,N/A,https://manheim.co.nz/damaged-vehicles/000000000007419047/1993-caravan-swift-corniche-caravan?referringPage=SearchResults
Suzuki,Splash,2012,No,$600,"122,906",," Front Damage, Left Rear Damage, Right Front Damage, Structural Damage, Selling De-Registered","Automatic,",5,Petrol,https://manheim.co.nz/damaged-vehicles/000000000007419072/2012-suzuki-splash-hatch?referringPage=SearchResults
Mazda,MPV,2011,No,$500,"207,064",, Selling De-Registered,"Automatic,",8,Petrol,https://manheim.co.nz/damaged-vehicles/000000000007419082/2011-mazda-mpv-station-wagon?referringPage=SearchResults
Nissan,Note,2017,No,"$1,400",N/A,," Front Damage, Right Front Damage, Structural Damage, Selling De-Registered",N/A,4,Hybrid,https://manheim.co.nz/damaged-vehicles/000000000007409121/2017-nissan-note-e-power-hatch?referringPage=SearchResults
Hyundai,Tucson,2016,Yes,"$2,250",N/A,, Selling Registered,"Automatic,",5,Petrol,https://manheim.co.nz/damaged-vehicles/000000000007419152/2016-hyundai-tucson-gdi-elite-2-0p-6at--station-wagon?referringPage=SearchResults
Mitsubishi,Outlander,2007,No,$1,N/A,," Fire Damage, Structural Damage, Stolen & Recovered, Selling De-Registered",N/A,7,Petrol,https://manheim.co.nz/damaged-vehicles/000000000007409173/2007-mitsubishi-outlander-station-wagon?referringPage=SearchResults
Mitsubishi,Lancer,2006,Yes,$600,"242,662",, Selling Registered,"4spd Automatic,",5,Petrol,https://manheim.co.nz/damaged-vehicles/000000000007399359/2006-mitsubishi-lancer-2-4p-ls-sp-sedan-a-sedan?referringPage=SearchResults
Toyota,Wish,2005,Yes,"$2,000","211,229",, Selling Registered,"Automatic,",7,Petrol,https://manheim.co.nz/damaged-vehicles/000000000007399391/2005-toyota-wish-1-8-station-wagon?referringPage=SearchResults
Mazda,Atenza,2008,Yes,"$2,500","256,398",, Selling Registered,"5spd Automatic,",5,Petrol,https://manheim.co.nz/damaged-vehicles/000000000007399427/2008-mazda-atenza-sedan?referringPage=SearchResults
Audi,A4,2014,No,$900,N/A,," Front Damage, Left Front Damage, Left Rear Damage, Right Front Damage, Right Side Damage, Airbags Deployed, Structural Damage, Selling De-Registered","Automatic,",5,Petrol,https://manheim.co.nz/damaged-vehicles/000000000007419475/2014-audi-a4-2-0t-quattro-station-wagon?referringPage=SearchResults
Nissan,Tiida,2005,Yes,$600,N/A,," Glass Broken, Interior Damage, Left Front Damage, Left Rear Damage, Right Front Damage, Right Rear Damage, Right Side Damage, Vandalised - Interior, Stolen & Recovered, Selling Registered","Automatic,",5,Petrol,https://manheim.co.nz/damaged-vehicles/000000000007419515/2005-nissan-tiida-hatch?referringPage=SearchResults
BYD,Atto 3,2023,No,"$1,500","60,671",," Front Damage, Structural Damage, Selling De-Registered",N/A,5,Electric,https://manheim.co.nz/damaged-vehicles/000000000007389551/2023-byd-atto-3-extended-range-60kw-station-wagon?referringPage=SearchResults
Holden,VY2 Commodore,2004,No,$500,"300,949",," Left Front Damage, Structural Damage, Suspension Damage, Selling De-Registered",N/A,5,Petrol,https://manheim.co.nz/damaged-vehicles/000000000007389572/2004-holden-vy2-commodore-executive-v6-sedan?referringPage=SearchResults
Nissan,Serena,2011,Yes,$700,"161,585",, Selling Registered,"Automatic,",8,Petrol,https://manheim.co.nz/damaged-vehicles/000000000007399627/2011-nissan-serena-van?referringPage=SearchResults
Suzuki,Swift,2025,No,"$1,500",N/A,," Front Damage, Rear Damage, Structural Damage, Selling De-Registered",N/A,5,Hybrid,https://manheim.co.nz/damaged-vehicles/000000000007409637/2025-suzuki-swift-rs-hybrid-1-2ph-hatch?referringPage=SearchResults
Mitsubishi,Pajero,2007,No,$1,N/A,," Fire - Entire Vehicle, Structural Damage, Selling De-Registered",N/A,5,Petrol,https://manheim.co.nz/damaged-vehicles/000000000007279677/2007-mitsubishi-pajero-station-wagon?referringPage=SearchResults
Subaru,Sport 4WD,N/A,No,$50,"469,176",," Left Front Damage, Right Front Damage, Right Rear Damage, Dismantled - Entire Vehicle, Selling De-Registered","Manual,",2,Petrol,https://manheim.co.nz/damaged-vehicles/000000000007409834/subaru-sport-4wd-dl-utility?referringPage=SearchResults
Honda,Odyssey,2013,No,"$1,300",N/A,," Front Damage, Rear Damage, Right Side Damage, Structural Damage, Suspension Damage, Selling De-Registered","5spd Automatic,",7,Petrol,https://manheim.co.nz/damaged-vehicles/000000000007409868/2013-honda-odyssey-absolute-station-wagon?referringPage=SearchResults
Suzuki,GSX150,2019,No,$0,N/A,," Front Damage, Structural Damage, Selling De-Registered","Automatic,",N/A,Petrol,https://manheim.co.nz/damaged-vehicles/000000000007419860/2019-suzuki-gsx150-dxa-gixxer-motorcycle?referringPage=SearchResults
ROADCHIEF,6X4 Single Axle,2011,No,$350,N/A,0," Structural Damage, Selling De-Registered",N/A,N/A,N/A,https://manheim.co.nz/damaged-vehicles/000000000007429860/2011-roadchief-6x4-single-axle-trailer?referringPage=SearchResults
Audi,A4,2014,No,"$1,300",N/A,," Left Front Damage, Roof Damage, Right Front Damage, Rolled, Structural Damage, Selling De-Registered","Automatic,",5,Petrol,https://manheim.co.nz/damaged-vehicles/000000000007409912/2014-audi-a4-sedan?referringPage=SearchResults
Honda,fit,2005,Yes,"$1,250",N/A,," Left Front Damage, Right Rear Damage, Selling Registered",N/A,5,Petrol,https://manheim.co.nz/damaged-vehicles/000000000007419956/2005-honda-fit-hatch?referringPage=SearchResults
Mazda,Axela,2006,No,$400,"165,039",," Front Damage, Structural Damage, Selling De-Registered","Automatic,",5,Petrol,https://manheim.co.nz/damaged-vehicles/000000000007419976/2006-mazda-axela-hatch?referringPage=SearchResults
